"nose_x","nose_y","leftEye_x","leftEye_y","rightEye_x","rightEye_y","leftEar_x","leftEar_y","rightEar_x","rightEar_y","leftShoulder_x","leftShoulder_y","rightShoulder_x","rightShoulder_y","leftElbow_x","leftElbow_y","rightElbow_x","rightElbow_y","leftWrist_x","leftWrist_y","rightWrist_x","rightWrist_y","leftHip_x","leftHip_y","rightHip_x","rightHip_y","leftKnee_x","leftKnee_y","rightKnee_x","rightKnee_y","leftAnkle_x","leftAnkle_y","rightAnkle_x","rightAnkle_y",estado
1,178.37294861314825,151.8145662894045,189.17277722785445,141.7300640655399,167.6179855881034,140.25629184589312,199.51416324363146,150.68260697539213,155.89418118844236,151.11924583345998,224.23055935277085,216.29595923516538,128.24247201407468,215.44120818260578,237.19020217123665,305.33773459349163,115.04045847139469,306.08965209485956,239.03810802415188,380.83920014971426,101.00129432529792,380.753977734755,203.25609567842594,376.380077317531,142.92237586826667,371.42542620113386,199.38401230392753,488.0071778056223,143.58627271837764,483.7733750398985,202.9187327581621,616.2311539111898,134.82505086609365,613.6646220285141,levantado
2,180.2745562007919,151.0824222787345,190.91879830564505,141.02286609694187,169.12323603648622,139.51805144432453,200.43144327007843,150.4913917868054,156.520430390473,150.22233718100225,224.15991650295626,216.54687784989056,128.9100012872006,214.9583464744954,236.66880281797182,305.7641470942516,117.06069245690963,304.7910472112871,240.37779170529853,378.8097420184065,103.14238148255109,380.79605993129866,203.52384289693276,373.8861760833384,142.85955893668682,369.9872384275444,200.36907460253525,487.00659547798364,144.2020349168592,483.5362605825936,206.52648047064991,620.497189532922,134.85136901172683,611.8558748594054,levantado
3,180.83011564855912,149.77636671251824,191.79753831202885,139.9283335644911,172.37971202687066,139.66651768072106,200.9871232444674,150.56465356730303,155.59355098264228,146.64810002545903,222.2685747554794,217.5435392030946,133.1296613225677,218.59696681397435,236.88656295598247,305.84564683966136,117.29307372096912,304.1329766061983,240.9842662291768,377.781571562652,102.69740194476532,381.40433107368676,198.82867550386067,373.97234608691025,142.27339047680567,370.689165286053,201.17326147175947,489.63556430683064,140.2670817690601,484.01602362844267,202.3552428961728,616.512637602216,134.68034025110626,612.0269336032496,levantado
4,180.37496022027756,148.8581723461819,191.87508027191757,139.57247247955678,171.85124895266523,139.31866241336334,200.46793611875307,149.97014561515837,155.64337656933975,145.83906477991246,217.1896900815259,221.52158982095088,133.20239572487918,218.93786122362903,236.2802558631749,307.26546113129257,116.44652560341683,304.6903118920234,240.17525473271826,378.4666615051982,104.13525723112232,380.9708650937804,200.96113817979392,374.6224726220513,141.6024633029092,370.1857677415187,200.65811050355666,489.92167432020614,140.50313286094814,484.79029911501397,205.41700976182517,621.1909692667801,137.30531533682858,609.1472177468386,levantado
5,180.03011693100984,148.79873075373905,192.21400469471973,139.49111522867523,171.5775742586485,139.13638341287694,200.52624131733342,149.25336310835664,155.3855244083627,145.3958462370045,223.16117651082197,217.2171317371413,133.76729145866426,218.272155286737,235.31969074887525,306.4241306883816,116.17311660232247,305.60852288272133,239.21948574674735,377.5282115416768,104.40315406888377,382.59429812895183,202.91318259628832,374.5090196661448,142.80109640039825,370.449224687272,202.9259940418288,492.5683486879104,142.37459305937654,486.13542014986626,206.0255753929049,618.8035007580709,139.36466837485943,612.6653435258086,levantado
6,179.9985615177377,149.51512496295143,192.75342723089432,140.08231196422057,172.12788753286873,139.80626206453672,202.21235413310131,149.6517469354177,155.44163400375425,144.6175126250152,224.82237059596912,216.7916668249939,134.425490605692,218.79686288796512,235.7481741701119,306.90411281956773,115.97231687553199,305.2342253807454,240.14595429535507,376.7499824256749,103.06009564232733,379.88794705283317,202.737332473933,375.02409226235716,143.1738484304703,370.55177799922484,202.21624660863023,489.6599071220665,143.62704693389776,484.8826901921966,204.08373595953918,616.5540631364755,138.94428814246032,612.4098662736351,levantado
7,179.55830686101655,149.73730955606305,191.28897059102928,139.7468537208171,171.01302399987838,139.88162504559824,200.8932656610986,149.8019777290552,154.88791570403697,145.1409330256718,223.21044815004103,217.72879396431176,133.14485747341053,218.1328716352292,236.5931310987658,306.2983305816057,115.9486544716683,305.1503222276265,240.2567817895793,377.83341582183243,101.88941047163789,377.6193296677408,201.28126401196192,375.2864567500608,143.261424973781,370.1460283925097,201.3654699659533,489.2872221831682,142.22517151591381,485.16260050614056,204.33601658446315,615.5361178505746,135.2540401429054,611.7049850285749,levantado
8,177.9561898198109,151.14375726722093,189.1026295465254,141.02488476942486,167.50962146803562,139.71106028278516,199.42682122256508,148.88167563115576,156.69726847489056,149.90000268364696,219.14062007206422,220.58740994345817,133.68967038462597,218.01118843286417,236.41966538484922,305.3878522939719,116.58743131763742,305.7508582920416,237.52474013747872,385.2928903780095,103.68854875972764,376.6698553775535,202.6207588878587,376.2598914951666,144.52626102907647,372.4506125839768,188.31809386019575,485.59639600464345,141.54561451715256,484.2477761353964,203.26713187963583,615.0486571315662,134.21089495944608,611.7747586617674,levantado
9,180.55338474377584,152.60372473572016,191.46454759887223,142.26591473887402,169.80414020226624,141.11831249430023,200.63423673280948,149.80669845402937,154.90038397525535,148.07674541547604,224.2981884433138,217.1420537451362,130.51459773319704,214.12989991184338,237.81779557165004,302.1379083418197,115.42013276690176,304.2810106091926,244.65659127439505,374.3873827745015,100.11496411037817,373.42152042611565,201.44289555531066,373.3863610887342,143.41216815399287,368.0180305451271,201.56317162420964,486.3221146995455,142.39407146765564,481.27207180869254,203.30101470353537,612.8363381471152,136.8158914588305,604.9746080688002,levantado
10,181.24665565342292,153.86944128845454,192.51011307415797,143.49841878571863,170.65571600175554,141.78582217442852,202.62335347572656,151.29287482235682,156.10726513101895,148.81518768429294,225.11378496815723,219.21705787747752,129.62060131265957,215.5061856874696,236.11130722580253,304.4860210492917,112.11226241412328,307.3366882086728,242.55484329401753,375.0637354275596,109.09731331316877,386.37054087123056,200.95405145192427,374.6883074689932,143.5198625497781,369.4119286444401,198.55661070114905,485.01019488976624,141.93622229906373,482.31311842625246,202.58601159715465,617.3337753830253,134.4430135363271,607.7515467781037,levantado
11,181.36380931097244,154.0346227267373,192.66338612597275,144.4864972185068,171.1485202655718,142.91746146947958,201.84688060478476,153.63258866484526,156.20713242111503,150.49490487065296,224.84639873578857,220.16182984823382,129.83199906998573,218.70029790856032,236.00228228736017,305.051257656706,110.16092334554352,302.8570473518817,241.85641705108526,374.83815946467655,107.99810814764714,390.8895577159837,203.61620785011854,375.09767999908803,145.00225093856398,370.05678881930936,202.02818589266172,484.65868048166953,143.9967454249757,479.8410924770489,202.76462136353962,614.0706150633815,138.77327333442895,605.0108082099647,levantado
12,180.56638380711183,153.92589524562257,192.090770676906,144.63675413614118,170.407573358558,142.96349907663546,202.14622479746777,153.42105672517175,156.4821088620197,150.079605755639,224.33762202281434,220.13246885069614,134.60609323598067,220.09736176130838,235.7458823831165,305.86356315167495,109.44349901963764,306.1619656930174,243.7482777161357,376.4232757212123,102.54435510301406,385.07374804307517,203.11366764766234,376.5929403935889,143.7352347169869,371.09044412694556,198.54048863273653,487.057135912231,142.7283701618358,483.43960891901753,202.06795849039395,613.2160053178958,133.6271588514751,607.5224232951955,levantado
13,184.5553572242826,150.83127389158255,192.95535266445768,142.07872798934523,174.0687892483366,139.9317712449842,204.007383828961,152.39106887045537,157.63968572356822,146.70439248882843,226.43983548531736,220.83179637151935,128.22562262984104,217.56435052893968,240.50035481137525,304.33170185014893,114.95386692151021,304.3482347777845,244.79963381281158,374.265245964555,104.03130450415705,389.7468632204523,203.20999869854995,375.271406952973,145.9793026697775,369.7424815137099,202.18419840178137,487.2670374770109,143.1444904015686,481.70542705847595,204.67296627059523,613.4853187887585,136.5014241437504,613.2767471729086,levantado
14,185.4000885366002,150.44615036782588,192.68568176982006,141.20067314415127,175.29546089023933,140.27661037816148,204.26894322258028,150.03224235564355,157.16734367400295,146.22927535832625,227.22886212419445,218.76157055569067,129.22589087579036,216.54291887691514,239.6836212989421,302.20253910999816,110.87205416312014,306.15452510373603,247.24270190524686,373.36706495470577,106.36895395716806,390.65311417041585,207.26314630768178,377.08836893163306,149.17784884560433,369.78776152495743,201.82888117096303,485.6321205703201,144.26458348374422,479.5043262526219,206.21446376459147,613.4743122739087,134.23179341475787,608.8525438123177,levantado
15,185.90041057423394,149.62018261623754,193.31077676617218,140.4072398619893,176.39261235337312,139.45104932970574,205.31779616537727,150.57330417261977,158.01243241009547,145.65433487354085,226.61411460549914,217.5253616511126,134.26770685990033,220.55119020929595,239.54371542132782,303.08210202228236,110.85255141202578,307.56990781553986,246.64423557385396,373.42703615181176,105.03923301845211,389.4311357193884,207.05006295883237,377.1107975703733,149.8408782602748,371.5640781268999,204.34244427513983,489.75108699575935,144.37994705378316,482.03465799413306,204.7393515026523,612.8104255171602,133.15945232703064,608.1867571285263,levantado
16,185.01759047452578,149.68799338730392,193.12077456225683,140.1454489147617,175.9439870337104,139.54605993129863,205.5590281208202,150.80937782614149,158.12698732368676,145.59312041167618,227.43816877431908,218.86621378739056,127.92034175887648,218.37151790871232,240.7281893125304,303.30252918287937,111.46925585557514,307.7900761110773,246.48932027260156,372.99094589767753,106.0391943074386,386.8441831833658,206.5004639384348,377.4988505441391,150.25541977938047,371.71444904015686,204.15118336955862,490.1344257755502,145.21684532313958,481.94208761133575,204.45625227991246,611.7459581427073,134.0032513392111,607.3963292934551,levantado
17,187.32619894896038,150.33852246948717,194.5084147768726,141.36966215497324,176.3994295290936,140.1382125676374,206.13947423793928,152.01467076164275,159.14952687066818,146.27825547748967,227.96679616252737,218.42632367917074,135.46082883307906,219.99968413712915,241.5449940722276,303.78632541760396,112.28097831043289,308.6127207715224,245.00622831708262,389.24243971531496,103.73996672277784,382.5423778726897,206.07503999346426,377.5075866461728,150.7685497001915,371.47802686876827,205.89532826939444,489.37596540042864,146.9266502291312,481.60076928045964,205.67471111609314,612.5949298546935,139.65277598340225,608.9274175621656,levantado
18,186.88467252857492,150.2912706902055,194.0983392737719,141.43110104571986,176.40449387368528,139.74259669678685,205.17355607919654,152.4060076405566,159.32901891567366,146.07627898338703,226.7830169321498,219.24025598667012,134.60603683189657,219.38411964980546,239.95663131535747,303.58082930865453,111.57193978751215,309.8065684277724,242.5917921251824,388.42905244938595,104.25906360195768,382.1466159449477,204.68154147255746,375.8620325229511,150.6726520701605,371.27072107931053,204.49378058882542,486.82416804569704,145.1275499395823,478.8644284496975,204.51825877386307,611.6617035030855,139.30586503915748,605.9974242926571,levantado
19,182.71560502701698,151.80520618008268,194.0157969433974,141.9782087867826,172.41226371438586,139.68893207000852,204.45848113182456,150.4806275126535,155.96463048318947,145.33178069712125,225.60795361708114,217.2481931693823,131.79204366364831,221.41434131429352,236.80405268687684,306.4305381923334,111.01087708232004,308.6562730366154,244.44370682415797,373.5242435440479,104.32842459474557,382.10471661638195,206.18174227109682,378.5031448542376,151.10783985894943,374.28738723933003,205.95496816672238,488.4210715683518,145.2010628666859,482.0435072011985,207.17305236103937,612.3828623730849,136.50247622835036,605.8702117088704,levantado
20,184.18876630137402,151.5671904448869,193.12588536600197,141.73126933175766,173.89159663456422,139.55612241989908,204.86489986909504,151.48562657693944,156.417051797711,144.74158617309095,224.75858885768787,218.82083165506444,127.35568166057425,216.06409926358828,236.32466665780032,307.15329418850314,112.64430373373665,306.12916582753223,243.39659884560433,374.0622055113084,104.71548960644913,384.43709436557634,206.46946840991308,378.08031965322533,151.95593641704158,373.88044424094113,202.54349479229995,488.0722681186543,144.02744824598733,480.916473151181,206.03036380277996,615.2824514663637,137.5575373311915,607.9113365796753,levantado
21,182.67631156713583,150.6096759009454,193.9621810022495,140.6231653829493,173.59923125983215,139.26176672315782,204.7970131009469,150.2865149353265,155.09289645777602,143.41005199150354,224.00585201278273,214.89178965527725,126.15216337567637,216.17353981107127,237.75045503252676,306.43915317401814,112.22567024676255,306.2727908123328,245.42441354002005,376.53051710314327,101.6254114529502,382.4305600414944,203.2500871591531,380.9524108649228,151.11293878815053,377.4804723123632,201.3326974119194,494.8310762991701,144.36383626618738,484.15423085253525,206.6833378535764,615.1487856616307,137.6069971819332,608.9471625539579,levantado
22,181.49627281812377,151.97926858983615,192.22000846417495,141.93831981851898,171.12425700978082,139.90168708771583,204.681764713985,150.35733293466532,155.49481177422786,145.07428714737355,225.51708248153273,215.6822234276204,126.61122374775812,216.83713445403697,236.82503619361017,308.0302779498267,111.91393140503405,303.9834927213795,245.40969266780155,379.3117122427499,100.96306541828795,377.4416009925219,200.59705516058182,379.6680221854481,149.03477008982856,375.0480087814628,199.6434556538029,496.1519946384059,142.05704459698745,484.3584338236412,205.44079328603783,616.3531137904305,136.1175222137095,607.6476219563169,levantado
23,181.791426484223,150.515810599123,192.6853255334995,140.69876110507357,172.427271653706,140.1484602991245,201.6784936333445,149.9313556359436,156.7450896385579,148.3382869972793,224.83362528878894,216.375454557545,125.52400415324053,217.11634773224708,239.25645120227387,304.8373258716865,108.09949062955982,305.05055824606336,248.82704809760304,392.69845687925584,95.31795405970473,385.4271154737658,205.570744139675,382.6344803984527,145.19385145610408,377.72649505259,203.22889941026267,501.24377773893485,140.48117029806053,484.5133431876216,207.4732503334372,614.9968057476593,135.8156172756091,608.1720267566726,levantado
24,180.7953855759439,154.93732734412998,191.0459627975286,144.7342097063473,170.08329410775627,143.2810433829341,201.18462897274748,152.57959209991336,155.19651610378162,151.52274046426618,224.80149277267753,219.99278621450938,125.22341491461731,219.78961514127857,238.73077345079952,306.4269829538546,107.9752401507782,306.8430004787816,248.86612247214708,379.6330290916829,94.29724308117818,384.9916308213765,203.78507336568276,383.2156443317577,147.91967084713946,379.8037779099283,201.03051045339862,497.41010376451544,143.33699338445405,483.11243435752067,204.32882179824293,612.7923393991671,139.66497440560784,606.5089410566634,levantado
25,180.1857714226274,162.25658015982185,190.28833720285144,150.89956914404488,169.73801086663275,151.70763602052682,201.77067334364364,159.20373779326562,154.91825516400172,158.15749988481693,223.4581452009743,223.48780769318458,124.78665434247324,222.77816356851898,237.88369691603845,308.7224047471577,107.08328852672057,307.49130308396155,250.38935157389955,379.29171432316997,93.55320137112986,388.7003549063716,203.73561114003223,382.42873611153334,147.39697479366794,384.35122953778574,201.60454372302104,496.4920993908834,140.1775940178897,488.0443540343051,204.54653800044076,612.4426970129347,142.27756378530063,603.9174221647389,levantado
26,178.920208645238,163.60400574680432,189.39445477793652,152.61730624544018,168.28944533529915,153.03126650561617,200.22048487088097,160.18347432177356,154.0690376489543,158.4844814849735,224.17086542626765,226.63715169587488,125.56612969186983,224.9180775208232,239.08100125205192,313.1682928063062,107.64024501459144,309.8309343983691,248.79607750562377,390.25494705378316,94.8321531050864,393.87737496817624,205.05397645230425,388.420289035901,143.59287318366972,385.5551468073626,202.31743316056662,501.52516168379134,136.130208828106,490.08234640039825,205.2872975865227,616.9793071821042,137.58281645422318,604.2634345028652,levantado
27,179.42824260548394,168.51693060611473,189.66028069522133,158.3095203948856,169.48678588867188,159.49974180659433,199.2206933878739,164.4604450626596,155.39355634993615,166.6244257470513,225.8150860381961,227.9206592841835,125.54323260236805,226.72042193579767,236.8365794378496,316.3889639294101,107.85728318032588,311.8063811662132,248.27065030702823,394.65477731905094,96.85156481553608,399.9816321584501,203.28165919678685,388.05539617278697,143.01281298923124,386.16824257698505,202.34855396552774,499.84230130562986,134.31227105879134,485.49564999829005,209.96635478572625,626.6995310505076,132.10274021727565,606.2773731988692,levantado
28,180.35491836488478,171.78410155300037,189.63983154296875,160.9752714402017,170.53494417064383,162.7629273410901,199.84295155566025,168.27793759594633,156.2899977390868,170.3078249920203,224.63210952699416,232.00264600464342,127.06691531170202,229.9717860834144,236.19039287641357,320.8069892616124,109.08815447736808,313.05824368844236,249.28189716264893,397.25826627085644,93.67423577809612,402.13565603768313,204.8755085867203,387.9250683023772,142.7237711509378,388.2820550940844,210.78221433171967,499.3751591188898,131.37491883749163,489.0513248666251,211.93088201975547,626.360401198094,125.37795498027879,605.4334659799064,levantado
29,181.4829264243753,178.46851155915613,189.67316576293473,168.45667738858828,168.99801956354878,169.69621947767206,199.55121300842046,176.57766616761916,155.97467159761067,177.3961630498389,225.30559091530887,238.73182909034105,127.82776840744316,237.16692616503528,238.03521966006508,327.83212505889776,106.05673182149806,324.36227701981244,249.49800525472324,405.84109057712186,93.95458248153273,407.7620842484649,202.37453665529245,393.366430260328,143.83104803775535,394.46731033028334,207.05418995660568,527.0059245662467,136.3770051948755,514.3934334484056,209.00422579397951,627.7667830055326,134.18476591592633,621.2757831974252,levantado
30,180.6354995905657,184.2749545917437,190.83677133048093,172.44697066132662,169.33604270846,173.98022365941148,199.95249422422182,178.92075000569977,154.83425226471303,180.00791319613327,226.39187063966745,241.9165712942873,129.89163065513287,240.42827680417074,238.89413986502916,333.2559572212427,108.53963129065843,328.07233046001033,247.70974672072595,409.93760639591443,92.66939598113183,410.96016256725744,198.9097228291434,390.33219155634424,142.07018318621567,396.22059862901267,206.89797795514653,520.2480696147518,133.93866910823124,498.51775766810556,210.97713526863066,628.9371499384424,121.75501082008452,603.4171511876444,levantado
31,179.95325478876612,191.36748495732763,191.02404951399865,179.62370757462915,171.3131658650558,179.47314548121352,201.95217812386005,185.5757515161418,155.11738414244894,188.36002691246657,224.6232629917011,251.46311362893664,132.41400704587943,246.7073005646583,235.8240821927438,335.69467269956834,109.03590648369104,335.8731150348827,247.62183353409227,417.1544234576392,91.41550543521629,422.2101423805326,201.2364696695647,396.71822959810845,141.97981671878802,402.2915931434483,204.11966120500972,527.1198240050082,132.09093009265945,511.21348458969175,202.75686016156982,631.8635523458399,130.32995124549717,618.8162100825328,levantado
32,180.17601114117218,194.83192236043135,190.1636331164883,182.74038114436405,168.3363580963491,182.54587611335725,201.3393329071164,190.30851549675492,153.7123857193884,192.92503386619953,221.62451908096727,256.77269486601716,129.76606328941966,253.74725460542317,244.2191081362476,335.3253221326301,104.94771353280035,340.603148464099,248.22122548619132,423.29301767312137,93.22462754305235,417.6500609876581,200.21438610507357,400.2710076714304,141.16405988760033,404.02345946790643,203.16540622340102,529.0727073580374,132.2739521427377,508.1760795385457,206.80526389036663,628.9668885464798,124.49920369307819,605.853229923471,levantado
33,181.67272676104238,205.57592904057483,190.8802131623146,194.34547958670888,171.8466253020884,194.72663998139973,203.43700910635033,200.57174964637608,154.86446347960236,199.09262315772386,227.68880952471426,259.29559848651814,123.49595078049003,256.57664970665127,245.22622858782222,346.06922194187746,107.19868059566514,347.7271362779669,246.82535680629866,427.99990405368436,96.89115899824446,436.0604891053434,202.71929504157043,408.0409733516233,141.19253860651753,410.0357708763984,201.45969684764106,537.818671200526,124.4878658784503,521.5693189569021,203.39844177483587,631.3149668177742,129.03022273319704,622.5590449826727,levantado
34,178.9784292376923,210.4114339509363,188.75614578900172,200.1182144254098,170.1103864736594,200.3790927397138,201.17858126747933,205.9349926900307,156.50507185524077,204.05866125678276,227.2207719973553,264.26415469395977,124.781327422027,260.57048515587,238.90263016400172,350.94329180884455,107.77114523802285,349.18410542410174,245.52435326483464,436.2391343469286,98.78314820523391,443.22918517116443,202.3554328888771,412.7510088612597,144.70197756281158,413.80421679307517,199.27395428015564,543.374845155946,127.90661478599225,513.1626889121208,210.81463777415945,630.9450872399,127.19068724635974,624.9960386521158,levantado
35,182.39277595490336,216.81636112673274,190.91104897821924,207.6975484766385,170.99664455072428,208.59222115245774,199.85003709607554,216.09491489276812,157.66511862194494,214.8044143854876,227.33617594084387,273.3208551666616,126.50193638189296,269.367545754993,237.28162666053623,360.65214016094285,108.59878789404488,364.4075754366032,245.46125312537998,446.8726969321878,104.1911851459904,451.6177011927742,203.22907396605973,417.5626002211515,143.01693761209572,422.818724635974,208.15923146051193,555.6228358643529,132.1418831673114,528.0851502177317,210.32027200780493,634.7374939083589,131.59930615851852,632.9425933481655,levantado
36,182.1755436403742,215.5898145386217,193.4271698591774,205.22656155003648,174.10587560156438,205.60809658659107,205.0578362728371,214.3047513850468,163.3543420932636,211.03056911364604,225.7012625965163,274.7221715904859,130.8636689538622,267.9981240595361,235.82069557279,360.78683281686983,114.67632320418898,353.8859474983661,246.07545085268725,442.2358480965581,105.32700784289884,436.2240306690973,206.13124933502553,415.1252657522951,147.64354376291953,415.2309076331469,200.4008164461485,533.2062064441726,139.82910850910827,528.5177374813808,196.0113259400839,640.8917307575389,136.88326257490462,643.8566007502812,levantado
37,182.7242496950617,200.3970092743751,193.24150898855487,190.6366714893148,173.03857733581782,189.5977100416844,206.52733603154638,199.61263148237296,157.73342693640564,193.9250937139014,228.08259315342292,264.25259720026753,127.65875327262432,258.5225787329767,242.30995694765323,343.650561380943,110.88532752842292,344.46997735286965,250.13096238666935,416.4179464258573,100.74492826350468,427.3023197159229,201.31469797809763,413.0194020549611,148.69440290992827,407.6587466228797,203.3813163074538,523.1801002591501,141.64600369345817,517.5358757805732,199.4832122446498,638.5324091484574,140.08289156071407,633.9417842761088,levantado
38,183.13968536733188,188.90960337123056,195.05021459675947,180.4655628723857,174.05126101126467,178.98487491830315,204.80191906880776,189.07291991237537,157.4575159688868,182.8008237608676,226.83116583323203,253.63418757219722,132.79311091797825,254.23105202760215,243.74250668774317,338.09218351015323,102.5926779661661,340.63078052802774,247.69251735108372,426.58830813396764,103.9251306437333,422.29698567075025,202.78856638155094,404.86252009172847,149.08793242339493,402.82258386277965,208.45165576266874,521.0182920225864,141.8110978538424,517.1624552507809,199.28841035004257,631.7985605915233,138.93848059984498,630.5938346654989,levantado
39,181.44642051370226,181.429836406782,192.00383714015385,172.55460034084692,170.8104318106685,173.2589401066999,204.81336434805905,178.215066041464,158.0089472314263,177.83387061686832,223.65553099635974,247.57897996716926,128.36270830325117,241.356739088719,238.192370937956,332.3297107266081,112.83559076331471,327.3139039273392,248.787947005335,407.6367899972641,103.50611360898742,406.3328855046966,201.67912060926864,390.5181944138345,149.95440602580862,393.99778640687697,206.6710678872431,506.7990812902785,136.71565412825646,507.3850104780976,199.99229888322287,631.590404584714,128.44680976125517,611.4801963479603,levantado
40,179.27422264485045,171.82586313685556,189.5710138105697,161.74258013179795,170.65740396818762,163.16179446209264,202.40871871770122,171.25255658932699,159.05056323337186,171.5082535205648,224.14991041843996,236.40031569662725,124.9012947527815,232.02950919184704,237.96277900428623,326.5872489246413,112.27927075100314,320.71850075332105,251.35735638688976,403.6283660769927,106.56258739664398,402.0275145653157,202.8669383720665,386.19292381672545,147.9428986426921,389.7377014160156,202.4694011999939,498.1513365511764,143.5366341557484,502.4600516590163,200.74643098705008,616.1200663644516,131.17860471970374,629.6469472447258,levantado
41,178.840830287117,164.28173436265047,189.73912173022558,153.60095606703703,168.4645271746565,154.19300776975163,202.39353117590287,162.074243567797,154.90638299489302,159.7993666281496,225.18035009955616,228.10042206879257,125.84313667980149,223.95925083976775,236.89897304193522,311.4818255353994,111.948353333232,310.6970327651918,253.68752858796472,384.02640494854995,101.88525913104937,389.9588855787938,204.89874172581773,386.6292230628344,146.13851418105543,387.0091277244954,197.46656793379134,504.1657824089555,139.29641883939155,497.78898484048216,201.67046406667987,615.0259470661326,128.9188929457609,611.8984640989786,levantado
42,178.38523935993356,162.26430544129605,189.2979159225286,151.53337589961546,167.81400046738207,151.47445263101898,200.82766593012826,158.53730183167215,154.81832731373117,157.2454859217781,226.00157100217353,226.64640671548213,125.00488411869986,222.23017592374453,238.117399816847,309.1918185341683,109.14429138421085,309.4965876122857,253.89992825994233,377.56403229116,100.59892065144697,386.06603006444556,204.66455315615883,382.2396197486017,144.8715288332928,381.8979713054019,199.72833489444008,497.8191343077426,137.81156470154048,491.3823762292528,201.2668471280703,614.4257589258573,131.55944747034215,607.9495452999605,levantado
43,179.27394062443005,153.79553234530795,190.8773098363023,143.5600310448079,168.4546309296723,141.277248516157,201.13286783537512,151.38723588639198,155.90096155307634,151.44936943796358,224.19566659890262,221.1457474407983,124.91050227421266,217.7486933251763,236.50941675089678,305.5054577779213,109.66672857262282,305.6704343803198,250.99618500587076,372.5286366503526,96.30733338589798,382.9713101516902,207.59093597055875,379.3486337624635,144.70853587347244,378.62931188442366,200.83807871777725,494.2351439954706,141.024162915894,483.9331874031037,202.8975200727292,613.8670450054718,140.90169718107825,610.790906379195,levantado
44,180.73157118266658,151.89633083714585,191.9635468123024,141.18484556443033,171.29320831892556,141.01084430857856,202.3964618133664,149.70385599692972,155.16912865545964,149.46406798603934,224.53677831271278,217.52420269561648,124.72715218985593,216.471901978964,235.93924270808003,305.94815384089253,108.24904101182514,304.69392650322226,252.45172579279205,372.11990297072595,97.79159824950221,377.5886244718203,207.3322519977733,376.8781206301678,145.9344085812105,373.9319251390747,200.54334778544506,487.33225544139106,142.42806413108735,481.3301745462974,204.6120059239725,612.6214599609375,143.8113552939567,609.5018700031919,levantado
45,182.64818967826636,150.18443007413515,193.44876253001883,140.01395140176618,172.76857306335688,139.62800615956348,202.67952363129257,149.78635736012737,157.27342135062014,148.3882063928745,223.22540176332228,215.22889371048151,128.37226968609406,217.7857870257782,240.9371242894273,298.77639236153334,109.97004955009729,303.11424285057456,250.30397508673167,369.6869893946072,98.64463402417849,378.6228307582989,209.0776520369118,376.63319866017144,144.37535101152116,373.4569516905551,202.70414906067606,490.18808446505653,139.4460496716926,482.2950067779897,204.38358244543412,613.6290494570009,140.6189553821133,605.2471733835421,levantado
46,181.70004652446346,148.5408536562196,192.59821625349588,138.15997290704038,172.1461084269364,138.58447123130472,201.23665728736017,149.20408850050157,155.45777269652848,147.92747052263192,222.64891699408741,213.4205502758694,128.99075056142846,216.3159702167437,239.02618954432148,298.21941687439204,109.98623217868433,301.63860988988023,248.2555791357612,367.58163036539395,95.96977631683944,376.93722498556053,208.50914161771186,378.0075821338461,142.0999710736108,372.7119012379925,203.33117842024865,492.59627049071315,141.20845227668258,485.03033945996475,204.43210895701606,612.5237336511278,141.96049921058034,603.8818573116793,levantado
47,181.69997171483618,148.27782300659655,192.51110934840102,138.23651859268605,172.32001097564103,138.71825340656918,201.46264767182942,149.33876007911297,155.85533955496112,147.5197960523316,221.15640377534504,214.05435643771278,128.98974894364056,216.9336531227201,238.521150937804,295.8498658651508,113.37566639941025,300.0854587183852,248.46341096751883,377.69676119437014,97.6364178490546,377.3629440129499,206.00213088692396,376.99540312651993,140.81799827011645,369.9825752941087,151.0861284426678,481.46616538674914,149.7934667683761,483.4083355261658,186.03787267068947,611.481856409214,139.7730502711196,608.3532109242005,levantado
48,179.65199909135987,147.86069758671266,190.81346872530094,137.68214363068458,170.63348566790035,138.85786717040065,201.36880671282222,148.92942198519577,153.81729969069187,147.6635730312956,220.18473714984344,213.44115023483099,128.92799597120472,216.7220891217777,239.01379489527602,296.027045936436,110.06066182058609,303.77193822007234,246.0425102738555,368.4582424534898,97.22385284780066,379.86443664313293,205.98740526488785,378.44450123115274,141.91024970266142,372.0983138622477,181.2664724862065,484.1859964452365,142.779924088415,483.49144664719876,186.8196843366215,610.9129921286022,139.04443418747718,606.2987735020976,levantado
49,178.11450272497035,146.78339026781373,189.66023913431724,139.40832947014835,168.3046020032831,138.73788084037574,199.68058616549126,148.3276937165613,152.43459453656982,148.12480644493252,218.38806609513694,218.6133465599921,129.28154983223646,216.67208660437439,238.62363300249268,293.7633327380229,111.98131706742461,306.92505120303383,246.4726151640777,365.7991544374696,97.28448694132646,380.3931210291525,206.92593597530856,379.115776329189,143.25232966679079,373.6222417809156,210.42816767711122,495.38075012919506,138.19581425885747,486.4638065085801,202.85896699066757,614.5791958463795,140.76218791323413,607.8361054060524,levantado
50,178.24528984337002,146.39406790529245,189.78198883412875,139.1799606145124,168.07961026796573,138.6477459265564,199.30384844471973,147.5844434448717,152.64850375995564,147.64291369961393,219.19989245225486,218.36984241055143,128.3040142133542,216.4178561793227,238.88991727717655,296.3012671563412,112.36287466561282,305.8909957232642,244.96544816429048,368.3093974191391,98.69736649925144,380.35557134606034,205.4539449372644,380.3078879271036,141.6548828837473,374.88724645473616,207.06885145610408,496.6735103622021,140.7754019058168,486.5032181201742,204.5919320073109,616.5400381125365,138.22019685381582,607.9456587617036,levantado
51,179.4633936306846,147.19827733615028,191.41960007485716,139.25275988152055,169.5055096696787,138.4793482680265,199.9498972614452,147.50802600430143,153.77997562393602,147.70055748609255,218.76436742641584,218.8619520135427,128.78296385293805,216.99463246861322,237.4538407975134,298.8354622807484,113.62392511627553,307.80543108394636,245.07067206119285,377.20296896849163,98.03419221514395,381.3390899539458,205.69583652362752,381.0619309718507,144.6168839866549,376.8323371382539,206.86391048208748,493.9530891388771,142.62818522768725,484.3241342032466,204.94566873632056,614.5849680622264,138.5532320965125,603.7678438772951,levantado
52,179.56273844084387,147.48703062302408,190.78272553083963,138.11491613722032,169.93396667005487,138.6071147992917,200.3559306697623,148.7955210644911,154.429221067911,147.33759542383572,220.35229230947533,214.110784270884,128.715508724465,217.1590830287117,239.6214794351897,298.613981848097,112.69836853264837,308.1342134587032,242.06236320525295,381.2374034837062,99.80093555969952,377.9922972207867,205.24700666494408,378.5803317652602,143.79328342541646,373.8582269690844,207.12163736662512,491.6737122294504,141.72979166350012,484.8743192323915,206.0735675500061,624.0186176225833,137.18134955023976,605.4815608518132,levantado
53,180.09175234545995,147.34227518163303,192.10177837921026,139.36730529547665,170.15435256661146,138.41642743418652,201.7795673771127,148.47795775892206,153.65995248282468,146.90148379552227,218.69683451967944,214.93969869057028,128.81130838950787,217.05779316824234,238.6796642258937,299.57134677278395,114.25897098051433,304.85341825373905,244.42123424960482,384.37548210648714,101.15049381478752,380.1028513630077,204.50996796723007,380.4574145602809,144.882356042528,374.3971745234983,208.43824643383692,492.15896072090834,140.95215271233587,485.88407642646524,202.98682851828488,613.556942475909,139.97335245451575,605.2445675148574,levantado
54,181.5003368808138,145.87338458703186,192.67158787352565,138.33201961294685,170.92299536322804,137.76653482756262,201.46716237346487,147.85503105430752,154.53245835359922,146.5683387132934,218.4590907115417,219.1052162971942,130.10229575309307,216.11367192249818,237.6893854400991,302.3685048619133,111.85422619771401,306.2724298261947,245.19709320662088,383.1563677954767,99.11302095999514,381.13530615424366,206.57680063210574,380.1458597739847,144.068865468066,375.17898025215834,208.20977961321285,495.7542484743586,143.1164011676952,487.74885481897496,202.9723249502219,615.0200382930295,140.2110855755639,608.2857552020002,levantado
55,181.72959038997902,147.79254126641538,192.79033093879195,138.00192985089373,172.32326994424665,138.59101410505838,202.33995560820466,150.08724464980546,155.2262855856335,147.40800434513315,219.74411141362174,215.65044002310313,129.96283665519746,216.92810414830072,233.66127055721063,303.51253168128346,114.63670497552897,304.5415642289336,246.65614930386675,382.5881542398772,99.67096422247386,380.9998924166312,205.1244322780505,379.1448380882174,142.5917048472839,374.1884960367522,209.09890568952153,493.098277526143,140.1406475616336,485.4117005344495,206.39819027199354,614.937055417072,140.0147637393224,607.0910472350362,levantado
56,180.51813694104146,147.39158066330253,192.72413866807517,139.36954245956954,170.7193558392358,138.33307525991003,201.02641848553014,148.81222736046936,154.6642657921936,147.5150509845422,222.36616035194248,216.29219500471183,129.69348963874785,217.8082952239634,238.22707073048394,299.56153839942544,114.7415358250243,303.7663441223857,245.03282967059067,380.68346550492464,100.53069605252159,380.09931393634486,205.8774493621945,379.47539451985045,143.25772842822835,373.87117259697226,207.41516659510273,493.27674598545417,140.2117671743905,483.96275739261614,204.1986269227262,615.9154667835755,136.75620807098505,606.0621114649198,levantado
57,179.88396563696955,148.44323896712368,191.47811189050338,138.4312658643908,170.6472871535483,139.1848505517388,200.4548171225225,148.49898995128586,154.79908342769636,147.87250800819248,222.4848464193975,213.45964602459267,130.10977285659732,217.80947436618433,239.20479218598007,298.4183606099526,114.45410417489967,303.67469757911294,246.13194162094175,384.8482884507235,98.93994146562272,380.1178667239178,206.64673338418805,380.6526154395671,143.7857620892358,376.2668214790552,203.73658841500486,495.2954327178836,143.7087366720118,483.6381702942607,205.89682861803107,615.6945147681329,142.06541733797422,607.8679980563746,levantado
58,181.55314357178685,148.06967887433123,193.05171933897736,138.2139165856031,172.30732302535836,138.58725818678562,200.8306535654031,149.39373446809643,155.35940872370503,147.38982798060556,221.6776814145337,214.75040420947835,129.85367130027208,217.52688990492766,238.33032464053383,298.975401407086,111.76947757706105,308.1066823283986,245.970434166578,383.52914060600074,98.26775084024274,379.901678775535,206.34584728196438,380.2532365257174,143.36431314787512,374.59284325981884,207.54021919933274,493.4348686010457,141.4553846069811,484.3938080902693,203.38115006383754,614.662391276675,142.67328474586577,608.4647722652451,levantado
59,180.39576679630505,147.1613142555326,192.56511477459264,139.03743758739665,170.50391717458052,138.5169086382083,199.97891033484314,148.21834222815843,154.2392046145428,147.46661709440357,223.13658907997933,213.68126301450025,130.25895779977049,217.880714505563,240.08620396476778,298.8896755114604,113.12663583718387,304.60686828375793,246.7387118209661,369.37924633694064,97.7055879585474,380.74974920963035,206.4035741902511,381.47321055371475,143.99189111138134,376.1023626067759,207.52684311922422,493.7889140681998,140.9066263042999,483.57661859534596,205.17266964448567,613.5493570171906,139.8038293860766,606.9766306598826,levantado
60,180.46389105533348,147.5788730962731,192.60449076255475,139.277754609223,170.565680834106,138.53823413180933,200.92514168705924,148.5082378461667,154.2125462632235,147.52486054535507,222.33843447911602,213.4913961803867,129.9649681358486,217.3734446722246,240.6946888489482,299.73119713453,114.4189092138862,304.3513090972307,247.84983309140932,370.86670634347644,97.46813181123846,380.09320210853906,206.8032808415157,379.82526133496475,143.65177032826938,375.0866711093294,205.87639609014013,494.2848733983615,137.98503932136504,483.53235623252067,203.7481340341531,615.9442364288211,136.0949338623522,606.9682003273574,levantado
61,180.34905768368498,147.28573097793046,192.08115229625184,139.29436947121232,170.2836043064696,138.58851570099708,200.78846093560009,147.95047032693944,154.18485482657468,147.61192707700025,221.85446071995835,214.25172323382782,129.2198027970726,217.53445755183,239.3852591310494,299.67702308981336,112.66254778316511,304.9062041642601,247.40662286068215,372.16122638390686,98.23958798419642,380.5518480590345,206.559339115128,380.95117947470817,143.92218041327214,374.44777908028334,208.57853823413183,495.6284733041251,141.6714674656493,484.1208342912132,203.22861204629743,615.0040361575116,137.05574567030374,605.1034480588445,levantado
62,180.23356289993467,146.74427314491123,192.28245075389106,139.39057465193338,170.19178825408108,138.32526893467292,201.21030173691332,148.36698539526083,153.84013800120078,147.36285020405217,220.96362945912875,213.9531069506931,128.97383467974828,217.45853171738204,239.82408765503408,299.00007433464555,113.45993053866732,304.22959858341443,247.35432974373782,371.63686551936405,97.29742247585193,381.2087549588096,206.45616001470546,382.1265693397374,143.8000044173304,375.8947255175401,209.9328270106928,495.9294526215193,141.03250359561196,483.96594748886645,205.31162555857856,615.5995112912664,139.93284719741763,609.7467812860987,levantado
63,180.46029544340496,146.73160419389896,191.76242053555143,137.40130116503528,170.8863588325708,138.15162510259606,201.71847759796026,149.68523433700148,153.7577536022617,144.0875825993282,218.98358219606865,214.77257635806785,129.13175186572835,217.2984533643908,240.56356775899803,298.1540166357612,112.83556107695466,303.7146554197319,247.2745298393042,383.4507068678563,98.62833591565084,380.71128281174003,205.58026514906828,381.1395881148164,145.29716948869162,375.4255195350499,208.92297244535808,495.31729969069187,140.86955575905887,484.33121261893547,204.63199553137162,614.1374936827426,138.0539713462503,606.1709066309354,levantado
64,180.75296970471334,146.42168809467717,192.36220375387586,139.4199736480119,170.6053121247644,138.2265202266233,201.42866035194248,149.01301521271583,154.3810080442911,147.45181785019454,219.6443414947866,215.0153917839555,129.16586446205469,217.59274968841197,240.51140288712912,298.5169003260275,111.45451479663183,308.8751143518589,248.1668192941391,383.80577235834147,99.08351806165643,381.64215444126944,204.55083302301193,381.1883141187378,144.6463144502751,374.64625139644636,208.32004128541462,494.7201229347793,141.5210419294899,483.0258119338217,204.17073005646586,613.9764582415036,138.66590430114985,608.7549409977657,levantado
65,181.1440530621124,147.9347175568458,192.08691145010033,138.23413893406493,171.5583965731966,138.6288879632022,201.55268283947896,149.11538446923637,155.2721165757235,147.84000619376215,218.63750484481398,215.8229510236807,128.77099846865883,218.37426330328915,240.1789916517206,299.2071438206773,113.26578649379866,305.5308930512068,246.65746500334387,386.5382830549307,100.79056451107277,379.61103624870805,205.62879166065022,380.52735087472644,142.74873975464345,374.80561608934215,208.63810213437807,492.8031179227718,142.6390480605545,481.70704941805235,205.40596049861688,614.9372703463187,141.81114653947287,608.6903814768513,levantado
66,181.7244890858691,148.09319759621232,192.46641950199114,138.28840560022496,172.35034331087934,138.73291609352202,201.98325499300825,150.1129055394273,155.5093628404669,147.50376660536236,218.80725382645306,215.4110325913485,129.09884097325664,217.8477638333688,240.52374766308975,298.0166210367522,112.585409557773,305.43692859694187,247.35245890932788,384.6745567470209,100.04912748225468,379.8539716074903,205.420423099503,380.2549464600559,142.49907093567606,374.55142128792255,209.08344740811953,492.16866222337063,142.54476477478266,480.3420685051944,204.11364318610168,614.1040882155125,141.52982256106367,606.3222714435266,levantado
67,180.71113212377645,148.43488047558975,192.18018836826667,138.74777471045113,171.45483481559307,138.73192456909655,201.13438777700935,149.23378792254377,155.43485957639228,147.43819537329767,218.80082227654958,215.34386304565905,130.69191495546573,218.55147543584326,239.4839365918349,297.8209048022556,112.41449093354817,308.01807329348554,246.71627308886337,384.2989957935615,99.53409704067363,380.09648779486866,205.26514443720362,378.04061474039395,143.6178026013801,373.0632594958354,210.15792680436073,493.3211722169869,143.77988834603752,481.20356756425554,204.3200951958445,614.8609752135518,141.34120671016234,608.7900433373359,levantado
68,179.8104812087716,148.19244622256505,191.38350146104392,138.68115614360408,170.24367971457394,138.8534973382022,200.5781829477748,148.82461369733403,154.7273481198322,147.3310691744437,220.1849550477262,215.98933713445405,129.44049713491,218.93396399828248,239.41007692804595,298.8510499946802,113.54464828550584,304.0367156151204,246.5750010449599,385.98925638755475,105.50896029342474,387.5615291372811,206.48217357828457,378.86857207183243,144.606388670925,372.7306535179049,208.83002029597066,493.5126646761764,144.35636183445558,481.32937331143984,203.69174776188595,616.5614229788576,138.60432291587506,607.5290029800356,levantado
69,178.6736105833536,146.18479212898225,189.99628160528636,138.35941062363204,168.00717673691332,138.06027661037817,199.50756574697533,147.8859381174763,152.5437192211819,147.44889077509424,221.25203007204522,214.3766980597945,129.01685912135974,218.1112445282101,239.18757409715465,297.8543292687561,114.07303699537937,303.47268071156066,246.9606886095574,368.9795373107673,98.79687547498176,379.18704615492766,206.68736094908957,378.39677268892876,144.41739817815994,372.5981407313959,212.2639554094248,492.66069582928014,141.3019791540005,480.6559186408492,203.37415833232006,615.9509526709174,139.06177903705998,608.3742633032891,levantado
70,178.50587196201667,147.80976173014957,190.036992291996,139.35568961651873,168.23268679607702,138.75361461119894,199.66511600954522,148.31397980567547,152.76068376474342,147.14238741982308,220.40602165251858,212.5394021119589,129.28521847261067,217.19887818807757,238.95837164852873,296.56313410065053,114.34296556762223,303.0889536341804,247.79717720714524,369.7340980856335,99.58854924658394,379.76420836689874,206.1934927261293,378.1357595243343,145.1011373913242,372.8901333938777,210.01456305952854,494.28044300598856,143.22366570498696,482.1266934287223,206.573857526371,614.5117080629104,140.12199265298216,608.0200112190691,levantado
71,173.63567430963775,291.7666827843811,184.0562796388619,281.8292717247158,165.21723362072896,281.4519542293326,195.25210440669076,289.76736343324416,150.6019914085299,284.18762444522133,214.4512920973366,342.1679010650991,124.42543665073259,334.27534645169624,239.81059579812137,404.75879951209873,102.78690038302528,408.4506463076818,233.63604665080862,496.85033419716683,87.13225558388558,495.8342069039549,195.45296944347336,457.73653379210236,143.57315906569187,461.7151496382539,194.9580800097276,555.2310275660415,134.8706738846775,553.1841429476608,185.8015181842017,649.147053878131,136.86163932711236,648.5374575366307,levantado
72,174.51691836049122,289.71807457593627,184.37504524201273,279.4599490777992,165.54766774455862,279.2468074694682,195.36133239983587,285.81426598218627,151.04042213529,282.50035504886614,214.00373459604464,341.02783203125,124.69477624559215,334.9312986381323,241.17646997355303,401.28210639211454,101.5236863904426,406.7721005450891,233.9086054345513,494.02075504050646,93.45646955438161,490.4193851456104,198.1249140283013,457.5988140180417,147.1309719456773,462.1498719449173,197.73633144987235,545.4657849263589,139.23156097055875,548.3054515081622,178.87323680833157,646.4083725747431,135.07590328023593,650.3394730267357,sentado
73,174.87297537540184,288.6878456679764,184.5809296485515,277.9909005517626,165.59117132402116,277.7508420239163,194.83662717351655,284.41437895659806,151.7327531747781,281.6092260338453,213.89818952983455,341.1429046749605,125.00816980502947,335.53411461499877,232.8049960006536,416.14980141012586,104.0477632158925,410.03189977504866,238.73380977170478,484.10031804778697,97.6792140025573,493.5544120105788,193.4951124376824,459.51578578132603,146.6134615055782,460.2135826734253,199.11748460109135,552.981811404692,141.90379648171512,555.219869947619,195.5149735625152,649.474270000532,136.2067228977782,648.1108455435311,sentado
74,175.57252257528938,285.30670344133785,184.7963819689324,274.3780369146325,166.0510587580937,273.719334583802,196.04858469684763,284.69959303562746,151.72525440023105,280.0514831246105,213.2468951332894,335.6034192037026,126.00053910429841,332.7636552506384,222.0526355787938,418.6998917991549,106.74653833292803,410.42805000038,230.8064496823322,488.27560484177405,97.22201585584114,492.2709827942607,193.37865640959387,457.7052134948018,146.48963019820042,469.3005228599222,195.9348313149775,555.2901117347094,138.92049274370362,554.8466123588354,185.81440800173272,642.8653654699659,135.2101810692813,643.3937814912907,sentado
75,174.66281405497153,285.7905934849602,183.7751219040689,274.9927707776021,165.2339969145185,274.44568826994544,194.84030471979878,284.9822517127842,151.46190313791953,280.3002168232365,211.48941051913607,334.0097793994711,125.86628372845485,332.4272826673456,229.76074171251827,410.89282559049735,104.99892844114785,406.55204268281096,226.6859544093507,486.2155976647997,103.62751538465923,492.4357587168653,191.07994892996112,459.05682515541406,148.12121392038546,458.4118070491093,214.71899794047908,549.252518828277,137.43802449860925,550.4017959772845,204.2789487133694,641.0815851233813,124.7905503803654,644.8295676383527,sentado
76,174.85201888325616,285.2704457086348,183.92402868604847,274.32185844688564,165.2396966956469,274.3440133773863,192.7232077038242,281.8293601900687,151.34236566565846,281.377218372627,208.70125867791677,337.05616041843996,125.71777949351747,331.60417727459264,230.51148007166523,409.130297709068,104.73566980027968,404.7589722867142,239.20193754559824,476.9967160800088,106.90535798425341,484.74075851737297,197.05857760062014,457.7417479043805,149.0407489227414,460.803476771492,197.649707838719,570.7243875585177,140.0826315082001,539.0099017072745,206.05095010601593,635.2054126902777,125.74934974996961,643.6656919249301,sentado
77,175.30751867331418,285.44076763702276,184.37433870664364,274.41673961594876,165.6434323796966,274.005809739406,193.13460009385642,281.8763572603812,151.59140216515686,281.11709550197025,208.6298148901082,337.3783916072623,126.63832798820528,333.4448788416525,229.79280298136553,408.50236232178685,107.10938164974465,408.4212829352353,239.1936348644212,471.064846172407,103.76100544614087,489.6127794317698,196.619579270656,457.5686764253253,150.15233211294685,464.71966576483464,196.66575937234012,571.2808714395368,139.97512591766474,538.4841158974496,185.8539229218598,645.8644104003906,124.57181534229085,639.2085015263539,sentado
78,176.10074006908133,284.49735767646524,184.72944516430567,273.6021453026204,166.02539964965348,272.86859356475713,195.9369295469054,282.31446203090803,151.3754291460208,280.5899559941273,209.65063945606988,337.6808718670203,127.39821746469937,332.5313677954767,229.93921967146463,407.3327120176085,112.48231357915859,407.2074902011263,241.59346833581588,470.7612461431481,109.020980181861,484.3320485868343,196.46525650915004,458.23136266567366,150.63421773353906,463.8007803000365,198.99624431921814,540.2898338703794,136.1642549269858,536.1749980050766,183.36134273068916,641.2545705119924,123.51232458923579,640.0846859824333,sentado
79,175.32684864979308,284.35904476893086,184.2363446306162,273.5291762296328,165.35379681420233,272.77285386616154,192.86406710732308,281.31183119599456,151.59059113380044,279.98819863286,207.98112754970208,336.62276924816086,127.96451803125763,331.91369438913546,228.32362739770792,406.0635773773787,113.86713952684215,405.2836787004879,239.53111415521647,472.2104434002234,110.40403088521401,483.03292567627904,195.71051286630592,457.25295842389653,148.59720145496414,459.01029712959024,195.46505535437439,567.935078542984,133.9453693196931,528.9559212176252,189.4244023779487,644.9499814519622,125.41994693028789,642.4618512461622,sentado
80,174.38801484163633,284.5463253273574,183.18782239387008,274.06239876951224,164.96011352539062,273.47157222287666,192.8096876329949,281.25649344596417,151.41627164016904,280.8035695413671,208.83998956940053,330.27942939491123,132.7545152359899,336.4567464984345,226.83712922923758,406.1813473237628,113.13277260153211,405.05575039043504,229.11566185858464,476.2012808239414,104.68321340835513,487.4071861890503,196.27810538325326,457.5294916175219,149.4725690908469,458.78937598796205,199.91926093787998,535.4405622074113,138.5950180231829,536.0929615302772,205.20721863030462,629.441089555911,126.83061366693522,635.6052716325693,sentado
81,180.26222092446653,286.7599184503815,188.8828293618525,276.8077244740052,171.17231358628328,277.25195265001827,200.95157323458778,286.67979437089616,158.4369129225438,284.8819029099283,216.0977813780076,338.83140712396647,138.15045082893818,339.14642215238933,230.93617788826907,409.1553862456682,114.14759963217415,405.9320715522024,235.42324864725197,476.042490116817,124.00828035703427,475.35959058234664,200.1244079352353,456.1877346409898,153.7882165574842,458.5298127051921,200.47627086119894,538.9676188309369,139.6507902627789,549.656429661851,203.84462539138497,632.9195807787231,133.24447109356004,636.7956017520178,sentado
82,175.42141692462133,284.30762561842624,183.83125406109406,273.64346634089253,165.8499871042452,273.03214522187346,192.88254864763195,281.2043826032705,151.94330427711577,280.2098987445757,208.75936735279367,336.12193304277116,133.33763490669457,336.9736632113327,226.8876554140321,406.36233971740484,113.73651479283194,404.67498244942396,229.3169306298638,478.20694346372255,105.1179066223857,486.0997472384561,196.80316209607554,457.34180019987235,148.34195456894457,457.553439010442,199.07196472405462,533.2600491891111,137.23055929339813,535.6782585173729,206.6041857055189,634.3524633029092,128.67122083137008,639.1711646944632,sentado
83,178.743341171324,286.09209409483674,186.0546430892054,275.50613254888515,169.00277531842778,275.1793777525193,194.81200649395066,283.3833556416434,153.62473614763195,281.01391016741206,210.01093568319476,336.0383315030703,136.10945353526552,337.29987474730973,226.32775166433612,407.3436152239254,121.92437625395183,400.49012239804995,227.2250563328368,474.6347143863426,105.51287770549612,483.4350479066604,195.13855526697773,455.5498626352748,148.52675928494347,454.5513654775657,201.91202079090164,537.794112268589,137.72332733985513,534.5056235465559,202.86375836917864,630.8788504396431,124.9501258464175,636.6215518105355,sentado
84,177.66384032728143,285.874026406136,185.6772095201544,275.25318932440496,168.38772381140564,274.9284621064301,194.9076286345604,283.59014013861866,153.54987664723677,280.7647442353839,209.91242446602553,336.4104690254894,136.02537374830433,336.90480629293836,226.60291453558182,405.9730048866124,120.79234272403943,401.5140940150398,227.75582470133145,475.9205793685023,103.30574077205435,485.4029044659685,196.86520421365822,454.10948163340527,149.08015697197226,453.62090945707683,199.8172562298608,537.1499705036326,136.4146486868654,532.4869106901295,207.58795071019273,632.5640409002044,128.06690331841259,637.1960836254669,sentado
85,178.48192070986977,286.14832481057726,186.14556647274748,275.513497734812,169.170183827441,275.38588765066424,194.0856667603964,282.00110379823917,154.04515081620866,280.60659044911426,209.0371176871808,335.8885412550158,137.47531472291462,337.86388946414456,227.1181605001368,406.8656499840406,121.60418629924612,400.2805616326833,229.29471335800707,479.18234880796206,104.91715261258969,485.0281990734056,197.31846505844175,454.82472223066634,149.19678518094906,450.82719973553014,199.87007063928746,537.3598150706013,137.91153975312346,532.456344426374,207.99199157002374,632.3370925368966,126.11471581366277,640.8946325992332,sentado
86,178.16348729708778,286.2343855683442,186.1267548201149,275.4980299537748,168.91496603405432,275.5044249894554,194.4484233930417,282.3467124018688,154.48098101782892,280.514722148732,209.03516788705315,335.9138185968659,136.63507198823567,337.63333925477264,227.3949026857369,407.21877339285174,121.9377588650596,401.8134833309901,227.88157612247693,478.41816102484324,111.04675482961454,488.21381446452455,197.61982079888134,453.64579968879195,149.51786928881933,453.6147038203733,201.8515259264044,531.5718167672361,135.53327550034578,534.6439370478174,207.91077206385273,629.2242259459737,125.12877776743375,636.4790274475336,sentado
87,177.96891398745288,286.09723102257874,185.81433675446863,275.5375899971691,168.63093465960907,275.330554947315,195.49351626147558,283.73122931454435,153.81152153757296,281.3221765956062,209.21752941562045,335.9682111331925,136.54799951931847,337.47583767783317,227.80225298098554,404.8345104173,115.070634062652,400.9461286374103,228.4729497887281,473.6864447686459,92.9028766795355,477.5874127488192,197.05105507698505,452.16293394333655,151.93704401750972,454.71091897571137,201.3742939396127,532.9084985636551,136.5166029280726,534.879047082092,204.4263735522556,630.7434865751155,125.8240934735606,639.8565703514486,sentado
88,177.7380010107612,286.17181918964314,185.72996930667864,275.5789659552073,168.68252064745712,275.44886548231545,195.48847433008575,284.18853106665705,153.85489687196014,281.56457596715785,208.59598253302073,335.90736003237475,136.5607821690897,337.30964037230973,227.7237004974009,406.0694149032177,123.18622229906373,400.5320039147997,228.39922549474102,474.20977967258557,111.42208066710239,484.9158053268255,196.7294378020884,452.5078751975924,150.42923460489118,453.88696574051556,199.78061494938595,532.5628151503983,133.6534164369338,528.066701926146,203.28511825145915,633.3155876189354,126.68995672441179,635.5463293647024,sentado
89,177.37446718920995,286.3460953411889,185.57636258017692,275.7607821453406,168.73961939236534,275.9687707210793,194.4162695027511,282.3356545296161,155.89058438905948,284.70299449876126,208.6912300317668,335.1990375444583,137.53255922785064,338.1704688164975,228.74164815821075,404.2845130059506,115.6129563624757,400.8882627969586,229.66940034502676,472.20149533757905,112.8400567793197,488.5752803342352,198.12597442508206,449.59611350924126,149.90662048577337,452.4849217040066,201.82821619649803,531.240500364786,133.4814374159282,526.2964401541981,205.84757657180967,631.8452661417801,123.21795226813293,640.0829546739155,sentado
90,177.41189248645355,286.46481050127676,185.486876016461,275.60032321321364,168.55506463551802,275.58074713681,194.35541721447896,282.0966193648164,155.45071090520122,284.089887448322,208.414961640473,335.18964834250363,137.16971798907923,337.35671462715834,227.92792840504927,404.0747088124316,115.9424108364239,400.45732490747355,229.1977410817425,474.0455303860082,92.04659381079767,479.41400283041634,197.74087821277664,449.75489041220817,150.95195321999637,451.3459059422118,202.9548848074234,529.4937098165431,132.80062409040994,525.2811470477034,204.13816886931545,628.692171564362,127.58139655562229,635.2785417727459,sentado
91,178.3169037340216,286.5108890756095,186.00776238942427,275.95740856363614,169.3144648807986,275.70423348868405,193.9507695654487,282.54660461663275,155.06529289275295,284.08591660080253,208.8869005492689,335.5430454595544,137.1421173926921,337.1833819081347,228.28037437112414,404.69839073804565,115.57236917102381,399.0258320389091,227.70083606289518,468.5993530035947,94.95546761004377,479.0851621961779,198.12170196414456,449.40399169921875,149.53024968841197,451.15631934733705,204.44766104731576,530.9556739896188,132.13120260869482,523.968762943253,204.32409097990637,626.8416930914852,124.71610173919322,633.8122911861435,sentado
92,180.794924843636,287.23187101490305,189.61851317409412,277.3101180258428,172.00745857921555,277.67309404068885,198.8192768022708,285.52675536634393,159.10614559900898,284.85423344118584,215.5810300181348,339.0273109762585,137.70913429111823,338.8057462343446,232.14052026652178,407.948701613608,112.9155586925462,406.1111028649,235.28009864421205,474.24795989396506,123.18473085633514,473.6947863389546,199.5089883173486,453.1419900975803,153.1803705237719,455.7979420465254,205.61088128590865,528.7037177772373,137.16886391250074,541.0125138694674,205.76150690813472,628.7913792235378,127.16949652883329,634.3214805395223,sentado
93,177.93145009794125,286.2385855945632,185.81032672095392,275.77217873896143,169.07993135563595,275.57551402526144,193.94627267562925,282.23267878075984,154.84899807347398,283.59398570969876,208.68055362924065,335.1539427760974,137.4061202706066,337.422285859223,227.64317683950935,403.31357844608766,115.4189536246808,399.1478109545281,228.75356426313232,467.53523058464555,95.58555703960968,478.9716831162746,197.78478077691818,449.3290645139227,150.82440280543227,449.7745831560068,203.95835027434947,532.1289964965346,131.62187076078777,527.6274257318519,209.8156285267396,625.8815566482248,123.91384092100861,633.7274532095468,sentado
94,178.36328540609043,286.65068926978205,186.06236510518,276.0340059035483,169.29640251189358,275.6729381279259,194.03894280459633,282.69231120899957,155.07846413697712,283.83357927493086,209.55731355540945,332.47669501991123,136.69055401397588,337.38637011338767,226.23584150618615,406.2270631307758,116.00782532450756,402.19497324427743,230.5175372765686,469.8295670446255,113.33771060691271,487.2715147738327,197.8422226961485,451.6777151382387,149.2464100878526,454.0429046274623,205.5004135903681,534.3488665035263,131.53273746475634,531.3948005646583,203.6717747788485,630.5335523553396,125.20985181044045,632.3340271233585,sentado
95,177.22887874855604,286.0221910291145,185.26924887334326,275.4478083510343,168.44133144037272,275.0234878480666,193.46690327091443,282.4523427050401,153.8981071501854,281.3886045760218,208.2527221204706,335.23234326551864,136.47040679575406,336.7403153593902,226.01508542071986,405.24910477812654,115.66888783970694,400.40175679128924,230.46183854040004,471.12884224620774,95.11108588430204,479.4065738188154,197.14171722055875,450.6719614466804,150.32878664959264,450.81086036296205,202.94434971197109,532.3213498601654,132.8368337312097,526.9424693779259,205.893278723097,628.4067965852612,127.69833647137949,633.446993697942,sentado
96,177.86570609126107,286.70617367043104,185.75037333566394,276.04548027543245,168.8176482085588,275.80164304503205,193.9390968886795,283.03639126195054,155.09570122507296,284.39041731422515,208.8072098906402,335.9221794633086,136.64044195390397,337.65896927058003,227.18270577159836,405.2694197480317,115.81219221181908,400.93460201753254,232.09343888694673,472.23121554007326,92.74456525869408,476.8447683015222,198.0599543352535,448.70357647016357,150.26712214250972,449.3273712039458,205.8432928300553,527.1124326950845,133.76779085745608,526.1206986839205,206.58949155102442,626.5608435011096,124.92424468400412,631.4854894259561,sentado
97,177.24729735378162,285.84927985640354,185.58969294329097,275.2620308130168,168.39476897837125,274.88977335770306,194.8374833281402,285.04694779095485,155.53012310577276,283.7046882243472,210.8067216093902,334.7006023718689,136.80387486558016,337.3717501747933,228.07962807978174,406.9465453151599,115.40757781151206,401.1397929507007,232.11344749361626,475.29197069457535,93.21154357672665,474.7722845411486,198.90510363152055,450.12875330587303,151.13505750129195,450.68771540422847,206.7299703753876,526.6994586157891,133.09999440708975,528.2587714881748,205.01394142714918,628.3931812330907,121.06222973537814,633.3435613728683,sentado
98,177.33392423043455,286.08458582065447,185.65731965892508,275.5192862781569,168.68032979408594,275.18001779044187,193.90008663667317,282.3931638368837,155.72056823018,283.5913192808396,208.53231182172607,336.0698121067151,136.6092674166312,336.62249850855727,227.26583589190176,405.49368476125517,115.62022833323203,398.90267639308587,227.85730217959633,477.91295424509605,95.82663640716197,476.4377816641841,198.63981325617095,448.98114631148167,152.39085702859012,448.0931008186786,202.92970721174305,526.0022590132539,132.89579202971106,523.2526192869194,205.74320704834935,628.5763668550128,123.05165996625732,629.2881899585057,sentado
99,176.39139922026993,286.01269020644605,184.75067209919138,275.2390603982057,167.65414594954552,274.84927463160415,193.87164354138804,282.3645782470703,154.91638848568215,283.4677702907458,209.37659902609738,336.8240071456256,135.85978620061616,336.84441711188293,226.84740070981275,407.1707705486609,117.27317554755899,401.040712942873,229.3559123829645,476.6134297708593,96.88259685828064,475.0465393066406,198.39885619642206,450.2122087886825,151.6920674246109,450.57123206468873,203.31095607178685,528.5180937177013,130.56239366345835,524.6664125910065,205.50131071216867,628.2549164174595,122.88529641711756,631.0417846204706,sentado
100,177.18470010126612,285.97672696243467,185.43014063259972,275.1154449106654,168.20449544112506,274.64739877426206,194.10559818252977,282.0920752736845,153.84536517547724,281.2106580029202,208.2300268982171,336.1528317937591,136.10156290076588,336.95649618304657,227.04849492529485,407.370188672255,116.13585903301316,401.3096761146872,230.2897716477687,473.49019299221413,95.55529595163546,477.2148282982496,197.53443095285144,451.3196453881171,149.86728605871537,452.40401924816086,204.33000450282708,527.6846996262843,131.44168435182087,528.1162175872447,207.05096958026814,626.9128192352414,127.67077862335088,632.6587685907862,sentado
101,177.15171350857628,286.10064970380137,185.39831447972398,275.34486792894654,168.34534059517114,274.93195322237125,193.97942046525412,282.0913138185494,155.09624270428014,283.2012761334965,210.2322409663219,333.48175167573567,135.97495562186037,336.8737923588734,226.58753937598794,406.88135406850375,115.36896773163909,401.74311834550554,231.56832992613084,471.3696758106989,94.88702748814447,476.90874767674546,197.78464184475314,449.58986987399686,150.06261162071377,451.4687801613418,203.98364899037875,525.4023902982126,134.03237944725424,525.9468862333187,209.34034901184793,624.9460135730789,128.51154146305782,629.8750887028439,sentado
102,178.20144190213097,286.4151826257372,186.2730931382235,275.82610994925295,169.35353628670657,275.7442827632919,194.5637798383542,282.0439195447395,155.79203992316695,283.7073893862476,208.95176702714616,336.00772842822835,136.88458881303956,336.7719135210208,229.60090916258815,406.20080554531705,117.50503670659049,401.4301635504697,230.7765400808609,476.4945038376151,93.43155037846546,478.4606873478871,199.291825468902,449.557942787497,150.3902766008785,451.18736178030764,204.25597503305875,526.7159861998799,130.27741826276372,521.9909195955626,205.5585062346106,630.4660182611487,125.59766610587155,636.6077935185414,sentado
103,179.6621037345916,287.76939778012525,188.757284557773,277.9651001362485,170.93595820920478,278.1803359688488,197.73998405961214,286.94570281626187,158.95033376968325,285.6500149144273,214.10273504442745,339.4273323029396,138.38713245911356,339.2641012585117,229.93706800408864,410.0929491807515,113.57383116488325,407.54024817322016,223.67318309976895,485.37444890241215,124.04563767251335,489.20168390533803,198.4970669876277,454.94748957890016,152.84694045248665,458.4047357581469,205.22099725745534,535.095341901371,137.51343052489284,544.6293135468599,204.31608872469297,637.1913489107956,129.63039543656527,643.784339400117,sentado
104,177.91518553500043,286.41292883728266,186.35660799375302,275.80697827765914,169.11508713065416,275.4639134982217,195.4639082734223,284.9366558386658,155.41605029866855,283.2509571476205,208.97591509986017,336.5673056279639,136.15161885361726,336.24684730856336,227.66276389986626,407.3987202328931,117.74424345855118,401.64894489926587,228.50829555645066,478.25017600671794,95.05651047999757,478.301273097324,197.18349899113872,450.9081710637312,149.5193547942759,452.4765121519334,203.73922575123117,523.4486810706469,130.86489351621395,522.0312951232672,207.04969187933182,629.7275130572486,122.05316399600258,634.6859830270017,sentado
105,178.94508314318233,286.75511282241763,186.78597725597336,276.36693605653045,169.87998766472367,275.84737636699754,194.3580901743373,283.6026033631559,154.20032498252067,280.8937644216337,210.92481365278076,334.0244325867887,135.7060645879011,336.40242758428076,226.0765516229177,407.86801171210027,114.7830183570951,401.4120002479405,231.25073337183852,474.4151451615508,112.67679842344052,485.29877480829737,198.20644464752553,451.1781043857916,148.5859111385123,450.30902550842046,205.84142140191818,526.8060243361655,131.9907463459653,528.1552159647069,205.4858263067698,631.8294059070632,124.8641820529092,638.1036199948203,sentado
106,178.60252006322958,286.779746563982,186.4271107239482,276.4716440044952,169.60490375919568,276.0398371952517,194.289528932089,283.4434164915567,154.2366717743039,281.46859580904595,211.78390366372435,334.43776883967655,136.01845385777813,336.6622141084782,226.36507454363755,409.125021849161,116.28255121253346,402.7262213443504,232.4320842579645,476.55885837421346,113.11237688472761,487.85423011631354,198.1427317815996,451.77066906880776,150.2420929786296,452.6713746067151,203.48210387471124,529.7348010586394,132.37725325410003,526.9359122547195,209.02755927297392,630.4071893951773,128.94122540069463,635.5581271694792,sentado
107,178.33277554641904,286.6794161666692,186.11369519660445,276.1129953703528,169.14927156797177,275.6431066015815,195.59226615697958,285.62677227569463,154.27267420431053,281.8647724552377,211.67742581497373,335.09334579052165,136.99545935248585,336.43768785528636,225.43307245751765,409.17577958756385,117.14558950936282,401.64119794674883,229.7084865941148,477.697280631455,110.07335570814081,487.4512425285369,198.0115750680174,452.54437873335667,149.42547108691025,450.3658072030034,205.12643966971666,533.8346168132143,136.00119903208218,530.5679986263527,207.50557106107124,632.5357373308115,129.92936795602049,637.9415558469899,sentado
108,177.82658065617778,286.4205588255411,185.91913791760396,276.00860328525886,168.97515512904306,275.64572048558335,196.22634899569857,285.1822439705815,155.36446490454767,283.84102105166664,211.2412459080321,335.15324099054595,137.0719907886787,336.6523843609405,225.42697962898222,409.0296146377979,118.71689329629743,403.92136451335267,228.0901738623237,475.1166492862924,111.94584305462669,487.4792438907846,197.69249775808612,452.85503224176193,149.38422604571986,452.412925156174,203.5797981232521,530.9048461914062,133.91392433968036,530.8849302061801,209.27169752306514,633.393983358539,130.96659037667956,637.9135601993664,sentado
109,177.39449479514985,286.15476496952516,185.81481292368375,275.84773527509043,168.7533119290719,275.3924477425067,195.56571586401083,285.0448097793045,155.54653253815053,283.42471853768313,208.50227456890656,336.6663642616124,136.88354593121124,335.99896145238023,225.10253383770066,408.86628147229146,115.0413538120136,400.9654568327076,229.97360716348493,475.59253796529214,96.40317639302651,481.3656835890002,197.18646762714314,452.5053399824447,150.51580715550523,450.81374587715834,201.16700714942544,529.9688305094085,133.1134274850096,526.0336648072714,208.99496305591867,629.3501281738281,127.90731063427165,635.5156066538295,sentado
110,177.05854316444248,285.90895418990914,185.4552778548304,275.51178453497386,168.43993558772343,275.073211016822,194.08646354229995,282.6336663984603,155.3159728291434,283.34063221972275,208.33956541068824,336.8709258439476,136.3188122107361,336.63551063389167,225.40879613972822,408.70117424990883,115.08512813107978,401.1158562448702,231.6551779661661,477.29787084379086,97.90466261095574,480.52283320445497,197.7938315543683,451.7176207308639,150.97541138170294,450.74351982383877,202.39000681123844,528.4699471915278,134.2635441642791,526.9081240405369,209.47714910247447,627.7843852358569,127.65751653886491,637.4000351531032,sentado
111,178.23385436061756,286.8029173617233,186.29429157420356,276.55147003292575,169.38276072698807,276.2451691386301,195.96313072828002,285.2292944763421,155.6713636821346,284.0721219430174,211.29999343337715,333.9735169169504,136.54012461858963,337.2379644371656,225.96205133222884,407.5821029722459,115.4749575366306,401.8858848007737,231.84521579371352,475.2275195288751,94.82298569734922,480.1429594166084,197.0709686873024,451.3144300883846,149.5441725912725,450.7568763109497,201.55750390435009,531.6108246443337,135.35889010299508,524.8447094631566,208.23872915780032,631.5101409793364,128.0905746281843,636.7180949704657,sentado
112,177.57013295689444,286.4042740758755,185.88963205062925,276.04616662407665,168.93272025854208,275.7887238380046,195.88321742195097,285.174823568025,155.85400010639592,283.89666249316025,208.11380420491855,335.69196767844113,136.61726521889062,336.4160559984497,225.29186750478783,406.5855609582092,116.02035296844599,400.1440768112005,232.64513257690908,472.8735606865196,112.89019822888804,486.860312970232,196.16934168477928,450.3556889040461,149.6205508458475,448.9567880593385,201.56782763291892,526.653582502432,131.71135821509455,521.0686849156242,206.56133463225012,629.0343258631368,125.64829025565416,636.7764435111317,sentado
113,177.5603887060737,285.9265130781478,185.84177288842108,275.3900615528864,168.58377906413392,275.09302220919716,195.91136484109012,284.4070167393072,153.90978101440908,281.225155039984,208.8438440463886,336.62890482505475,136.21493815262494,336.94209473606213,227.1842684615911,407.0563415052362,123.14920697045233,401.443932084258,232.37062636794747,474.3642422568473,96.22810524075877,477.99423405168585,198.01301426275234,451.5502668447532,152.04877753944248,450.3847779745258,202.64927204295356,531.0980117738479,133.1327734921229,525.4341671717306,209.29674153012525,630.1470347601153,124.9849835703809,640.0330311222299,sentado
114,179.00736690773573,287.6007756927134,188.38590106889893,278.0802469958591,170.7695421152078,277.87453528971986,198.7169407944735,287.1358843257919,159.5863497841683,284.8312164187895,215.87695285782274,340.3579094437774,138.27743482775264,339.39820048410144,231.73888637676316,411.518699556937,113.87415263253894,410.7378651659776,235.61270462214253,477.6707597279827,121.38581105985531,488.9846386148772,199.3752999509819,459.97440798273345,154.23062644394457,462.6607765761795,204.34456388124698,533.6118919283499,136.54233387750412,549.5980811211849,206.69191186808428,630.9308045383557,132.83685035557136,641.571712864976,sentado
115,180.631096509644,287.691529270276,189.15825584797545,278.1068513180031,171.3651481658104,278.52943153232917,201.8408067755198,286.4913584193367,159.02323278286116,285.22406908324723,216.41470731742652,340.1226581024289,132.8692255576761,335.7017641772556,230.4482884982217,410.95957596478297,114.42953930569064,414.3936513462883,238.6908239223614,474.9775502839441,115.24087227550461,489.9519080967291,200.3397979142601,460.38258593370017,157.37956077486626,465.900734036813,196.57122256505352,541.4070681560828,134.52126154918153,554.6119090276934,206.4841453463187,632.0021555859755,138.53734692525308,639.509042524642,sentado
116,180.85953423763527,288.23470772472336,189.55504729868375,278.3293476178952,171.5125023511597,278.9906527931124,202.073535963719,287.79001080108526,159.5292700385305,285.65041508656066,216.55451879241588,340.98114488653636,139.18805323500578,340.64850209751944,230.34119554809098,412.4008463699994,112.26524216470085,413.69449244399016,225.7601270861199,486.05667233003254,112.39128569962912,493.2648286930782,201.197215989406,459.31807106107124,155.8183859739786,463.9883125987962,204.2206720136947,536.3239712845027,137.4307065139949,537.7732439449326,207.50394187363207,633.9537737063397,134.2232658594035,640.6928202707016,sentado
117,181.9462574762129,292.2103228736017,190.6258675541859,282.65921566736836,172.87426318454374,283.25386730149563,202.90425531409596,291.9974241739117,159.86315727976046,289.0885729362993,218.32605396077793,344.1395479788576,131.28101434967397,337.1443692812196,231.3236680086485,413.2553931804019,113.28569297938958,409.5215532473553,237.77312353705616,476.83949585554666,112.8526877317911,492.2488735807545,200.0103268159503,459.0821499954402,150.78775440023105,458.4791333387798,202.35270886847945,535.2146371329341,131.8468292473819,545.0863873077274,209.11614277761737,637.2873023511835,132.94696760363155,642.5391919325298,sentado
118,183.11501837704435,292.79530803517144,191.44841721827885,283.25939341741775,173.97174668961463,284.00751433019974,201.83459638899865,291.6911666217017,161.4874049086515,289.6477404642662,218.14910039641978,345.25215831712063,129.43911434425917,337.52580813396764,231.165315026903,415.24897950168713,111.53224081195282,410.0559587886825,236.37227645458415,479.78207079816883,113.04307467093264,491.80210929900295,202.12152099609375,461.00936949021155,151.06507131376156,460.4020625607977,201.66776735773345,543.5384466861473,132.40250565940767,551.0090465026143,210.67666477544765,637.5199311994857,130.48999783408317,643.3327012117735,sentado
119,175.06537445602714,290.2975879476228,185.02067310615274,280.56184256587045,166.17736650162635,280.1653497599442,196.4961991959509,286.15665064711516,151.12108710025535,282.7374080554057,213.2504132638182,342.13538618867034,124.05457445434098,332.48826082578427,233.8009662553958,411.2036097188868,113.31881345756324,410.5934338996383,241.62860036174612,483.78752652773136,89.46404494942394,492.0429416760397,197.47773119262223,454.4239053095361,144.86449435341683,455.1911160361442,193.89525844707566,551.0319222179369,135.8205409068542,548.0297103466227,203.42652150907406,646.2252421694507,133.19321996785322,642.3554464258573,sentado
120,173.4535022542634,289.0986472994437,183.07665053786934,279.0931782369948,164.94467305580469,279.6496006115865,194.0188546384819,286.39517758143086,152.88413627416708,284.3368969631566,213.8938104948645,341.0288639291251,133.66380814726716,339.5065058251763,231.24741443678562,412.2422463977383,106.614013671875,406.85149612129896,232.14735881642144,486.45267649847244,112.87510212107856,483.96754520876397,197.13369715352928,450.5731604906372,148.7968517258937,456.3835909951058,202.1961584425158,533.5409949632934,139.85569798807228,527.1103053705237,202.46548497537697,638.1965694353274,129.16606751675738,639.580271976931,sentado
121,174.58557905204566,291.1842280881414,183.92231637680112,281.50413899106275,166.26458977725258,282.19517570525295,196.18321115219175,290.59233312940785,155.04780881414155,289.66202079090164,215.14108317185935,342.8780819191543,127.72436131577547,336.39193404973247,238.17030803517144,399.3125375235591,108.7370111487719,405.7944586490379,233.75118222960236,482.8253081800409,120.50042130882173,487.83388842868436,198.3565507584509,450.2909287033378,149.2068369824599,456.174963568899,203.90049037116972,530.1221308726745,139.09688018917575,525.5520143026508,203.0400751611138,633.4596650238631,125.6991756454052,637.5665254630004,sentado
122,175.22825727945173,292.03543458931176,185.0787764374848,282.05230445713386,166.5100989434506,282.6807638086697,195.98414985864542,292.02540178707136,152.16534162588158,287.0140978148939,214.98245173205663,343.6338111491519,125.76824571186467,337.81022483736626,230.743380416692,413.40994512060735,107.02563286569796,407.39350968297816,232.31003769455253,485.39180473594814,125.57055236578918,489.7955132272921,198.84493769189265,449.56456759560433,150.9181452057241,456.8901792296176,203.75087824127553,526.71088489577,137.7572588493852,524.8323789366489,207.06322826578457,637.1694007457926,127.56856254844814,639.4490077987256,sentado
123,175.2624752623562,292.9964960595513,184.97300512410322,282.622343723876,166.44941586743067,283.62747697050935,196.32843088825388,292.1072743931633,154.92522552134,291.60498355613146,215.77970865450015,344.1370032640747,133.4816811409442,342.471246979116,230.52945219403574,413.3163879632022,107.04640381809338,407.79821432981976,232.0832885267206,484.65152725635335,121.00264327349828,483.9328376977824,196.61668188191572,449.5803393649684,148.09469331377676,455.0277104359193,203.97925422163792,526.1693201918547,134.6796377048418,522.6811057955374,204.98224233189444,635.5673918371534,131.66708130595288,640.3582122446498,sentado
124,176.86841241858815,285.7997131347656,185.43817257417317,275.36841010305204,168.13124019162666,274.8563702653818,194.86630047156189,285.43533087704435,154.857566744437,283.4696933731495,210.59203846259805,333.9456521119589,135.69678908470542,337.29309319522133,225.76299953831773,407.60988465542925,123.67282448853962,403.9524532570449,230.33765693397373,477.10402425624983,96.65858833520792,478.968177454017,197.27548752127916,451.7334471231305,151.15051222033077,450.9282675420264,200.291182343598,528.5350956898255,135.7928969683814,526.8356168873115,205.77325914434886,629.8891879426831,128.02936016631963,637.5198006908254,sentado
125,177.63128478053943,286.06210255901175,186.0276095022951,275.558684530889,168.78167665236657,275.16727313921143,194.24352813601956,282.7125697748207,153.87343778498905,281.16927017033794,210.18475258675068,332.7978444377736,136.3235492632083,337.44183017122145,225.58977725255352,406.74564465474526,122.14027921327823,404.38771229309793,230.7539475734132,477.2732510548158,95.0764003412269,477.65166278943013,197.59386542056785,450.0597740796753,151.21615232475074,450.799004818215,202.52759952767815,525.7054464733554,133.419571041597,525.7405387195631,210.85653918077048,628.2776116397131,123.37476393406496,639.1653748152321,sentado
126,177.2583899590756,285.7390152155657,185.4556245915157,275.00150984827184,168.13653326962248,274.5802933511103,194.79032832639228,284.49421270348216,153.6314892008147,281.0619519007345,208.21912547308182,335.89414485233766,135.7366658815614,337.21818619665004,225.26845802871168,405.4519035844024,122.55666247416099,403.28271353755014,230.28020314019943,473.4972945632638,115.83534994756201,485.42696347960236,197.14917205929294,449.81420375957566,150.85660300644457,451.61998466758877,202.30615471865883,523.2315425650155,135.30718180734362,522.2172786846235,210.54056647037254,628.3466917995349,123.7506419378496,638.7731880158302,sentado
127,178.03217680816056,286.31648200959086,186.06296714456164,275.7024977272123,168.72751685710267,275.31482830121826,193.67199327045842,282.93391275962506,154.12332806420233,281.2254073740443,208.9197206014789,335.1842133637068,136.29237769457154,337.34792390222213,226.2441311253648,405.30477382793504,116.17476716394088,401.55278009199446,229.59783484314204,473.8118518280148,94.49719095786722,479.5288014690236,197.19266138930266,450.2570078808974,149.5910972268665,450.19016132280524,203.40547862962063,524.6998887117735,131.95228232298382,521.1188756445503,204.31182932575388,629.3192852331971,127.54387299652694,636.5565000897716,sentado
128,177.9356438900246,286.40974824066757,185.8314206609466,275.8192141046784,168.78812631094968,275.5889298850924,193.60651228492827,282.5627329191809,154.02684976896887,281.8083484812933,208.26082887167132,335.16990928798333,136.3734552999415,337.3198109192607,226.27858986464918,405.506074660483,115.25776737673272,401.66506103040643,229.90491767616123,473.8543045103318,94.85430124483221,479.58244858084953,196.78975336097096,449.9019875136795,150.1693792083384,450.52817734299003,202.72380143102504,526.6039498770747,133.74055896566074,524.4978029718659,206.97870466774077,630.785207785521,122.49524495759363,637.0463864441512,sentado
129,177.78795513939764,286.3684610448459,185.66483387037937,275.6575519843788,168.56897507010729,275.3809315128549,193.34472964988146,283.1004357245182,153.86833648087912,281.8269083935927,208.5965851661296,335.3263706548669,136.2503821821992,336.91742418341136,225.96701370417378,407.0377400320328,115.75850739831588,402.25416428384153,231.6589849449781,475.05746299654595,112.97209577152239,486.4871471123009,197.85117253997447,450.3929987213491,150.38991680219482,451.3781097055873,202.5691509321042,526.237855310106,133.83702301144137,523.2313709778545,207.9191946779244,629.7460705946391,125.8400089249073,635.026295287136,sentado
130,177.93980205847595,286.4158594747462,185.87342923531736,275.694407006646,168.75909245709965,275.41996848258526,193.36281339296573,282.64530463905186,153.94624536417803,281.2544151038975,207.66899862920263,334.8999973401021,136.51341698791265,336.9632789225894,226.4849456905855,406.8391804379712,116.14967269006871,402.3990812190312,228.87947480316757,476.56377488073207,112.81450394804841,487.13231899395066,198.3096213730393,450.968537683153,150.3770756702943,451.92277604040004,202.2343208520793,525.1681292938351,132.21715530811116,525.0884790086561,205.6885099299687,628.452112813868,125.2601814715315,635.7605330767799,sentado
131,177.2680320888178,285.5913588230712,184.99204951779853,274.9061961489429,168.05770707779823,274.79196570726685,192.62945105407954,282.0152353962108,153.64603670469052,281.48400777972626,208.94706708262402,335.3313983368039,136.36787277993528,337.31846672087795,227.5686260772586,405.6180991087442,122.3673822425219,402.5585242839175,227.47321292862352,477.59333859157937,113.71548616283133,486.6913245531372,198.92824711781066,450.3670350308548,150.91078180097884,451.00622867331896,201.09152898528697,519.3301670653346,132.82511236881004,522.0733523832685,207.74988030459633,626.9191816159259,127.2931930601365,633.4591179042475,sentado
132,177.69725737219193,285.7419802892069,185.4747414199295,275.31069833480893,168.60283711355487,275.09843729813275,193.3230111088734,282.35050067827393,153.91708029661663,281.4772636324515,208.3412504084843,335.93469523270306,136.63119287156871,337.201737578277,225.47988072258028,406.29811446490453,116.03095456134486,402.37335739432604,229.44750786569796,475.1947481622956,96.11327127538303,480.65741691144063,197.6065034977657,449.803073749468,151.50749663712912,450.92451399866246,201.36771900459024,526.5946871390139,134.76281235468525,527.6957364212215,207.624882916996,628.8701270433716,129.2195267139242,636.3857811063181,sentado
133,177.11809103405432,285.8631885098112,185.486367785977,275.54936093579005,168.50928470596727,275.1144824788728,193.87376433494956,282.7291472319963,154.12550704302953,281.2542619222797,207.98693301427227,336.3259863946225,136.28845820445497,337.27201944195343,224.68609595391536,407.2893723068534,115.43803601691695,401.74602998369863,227.9744160574234,477.6114425213884,113.32833209204767,486.7062668856016,197.00873895192427,451.0763062948383,149.95510424899686,450.88611053585544,203.0626415445647,527.7513740034883,134.20241698031293,527.014662449462,207.8974529815555,631.8380642308335,126.00872244630807,640.1533205499909,sentado
134,177.14826573472078,285.63741721067913,185.23590990355973,275.143618750665,168.36815693777362,274.744066171609,193.54292053935131,282.44298022080955,153.84113783780703,281.44981681140945,209.98531338584098,332.57613245151384,136.60765663473524,337.04125311588035,225.16578715877313,407.6894589435266,116.59801034890262,400.5019185700769,229.41835586013497,475.98545965053694,95.46229927270792,480.4984155795918,196.69412647054355,451.10152426396826,150.2131760890382,450.7102141027785,202.8390569427134,524.9531828290294,133.77834257727005,524.4087611098234,207.3191739687196,629.7347642475529,126.55948754692821,640.1456941240956,sentado
135,177.0317592398202,285.92740960622115,185.0423714604359,275.59867087041357,168.21535946144667,275.14562050192274,193.36337268398893,283.0682286956431,153.89432510791585,281.9319615939248,210.70169393932775,332.85558322060433,136.47165006051267,337.3212085530916,226.94532176214432,406.4511553693838,122.77000528179718,404.5085185603873,229.6092890283013,475.6780453693078,115.32070958475197,485.5538643566087,198.90178944628525,451.02155514728236,151.49793050446863,452.0128088331408,200.71175138124698,527.2960256138664,134.43961812178912,529.0435256661144,207.82998954090164,630.6883934406919,125.54917818655764,640.3342013229192,sentado
136,177.9069285708179,286.1096577328931,185.82307760631994,275.91527679087125,168.97080429611503,275.64114908300024,193.78414715124939,282.98953431125744,154.87175444962912,284.06123536106213,209.22763227767052,335.7716898046115,136.73395695667784,336.88351048569734,227.83928137159535,406.06333038686313,122.68066121260944,402.58133053315754,231.1149360864543,474.36126085570817,113.91704229807578,484.4354277733235,199.10138509431238,449.97303766035384,151.62911334204767,451.22466922270183,201.88701418865514,521.7757412802848,133.6413334946688,522.6759160260746,209.74065621817624,627.9166540004863,125.35087508264684,635.7850255112704,sentado
137,177.73233982190084,286.4264675986442,185.72319962913423,276.2171915254704,168.84034639944826,276.0257275651865,193.74186071254866,283.6625929658051,155.18700459402362,284.89370145686405,209.24759932343596,336.2998220243343,136.23712069144045,337.57571446756447,226.01216428289155,407.1593982978554,122.42989459204767,403.89183964710753,229.2423774927043,477.39981810870336,113.8646636844145,486.838106979192,198.83251810630475,450.9011057100407,152.2790926328429,453.02757411615397,202.92529463118615,527.4880286784487,134.20945146018892,528.3616940984466,208.60180224704374,630.2733828770976,125.14709662648954,638.3848794425044,sentado
138,177.16636075862186,286.45909172087795,185.4944389135457,276.10404908889,168.26830449085753,275.92436556686226,194.86835476767692,285.51082507181724,155.08090791813595,284.52009861571315,210.90969498333766,334.36453140199416,135.50837391359795,338.09648803235956,226.84889096508692,407.32562053992126,120.7901530581226,405.5556194142145,230.44179668500732,476.29399934167526,114.78464279471666,488.3369012379925,199.04492519987235,450.8147480886734,151.5244404239877,454.6146781713582,203.21092372552897,527.3297119140625,133.47366730805038,527.9973569639926,210.2699562993031,627.9170215176238,125.23364245937955,638.5668510407326,sentado
139,177.15331746260944,286.59381257884695,185.49592916881994,276.3195643443542,168.44283594509972,276.0502740288523,194.79408305721063,283.7437637863456,155.63788459273167,284.4202515123419,210.8917590783264,333.6463684794504,136.1468758638731,336.8612955887494,227.43380962921026,407.5624583203505,120.89944636125972,404.52016095706927,230.39761150671814,477.7836480493212,112.50983520982794,487.3162016516066,198.93923463339007,449.86405547026993,149.61940138998665,452.5726128366671,204.49281400094236,525.0576307244802,134.27535933557652,526.6404415382949,206.88414529882056,626.6985597128071,122.54230971280703,632.7707203074652,sentado
140,176.47616119978494,285.41026074598733,184.65218166247416,274.89498242329995,167.56943710861503,274.5903703860272,195.13442530056847,285.0582280140443,153.56583009712426,282.52913449061055,212.19922430134932,333.17411073914764,136.14945857719687,336.3690066801435,227.4434945073109,407.52429056724225,122.21015140518602,405.25407427479786,228.6107586218689,480.2461794842078,114.88772808624151,487.72108619779,198.42301139386245,449.8418061371443,149.78407994133028,452.583708410597,202.87900884606034,528.3826170450055,132.659353827688,521.8419296917748,206.2790755334995,628.3565809197927,127.36036498073474,637.3932740103874,sentado
141,176.1517798279046,285.27591512360925,184.63454440224496,274.66736166393713,167.2595679138421,274.5512529662611,193.8124323150991,281.9616823901462,155.12679353112838,283.18647481124225,212.17257812143765,332.98770889697835,135.93497759451662,336.4664076274471,229.88339031531189,407.6552210707609,111.32181914214493,404.38683595174945,232.11756083566394,477.63816365935924,113.56630507888497,488.72847263915065,199.48994867347096,450.35581952403027,150.2262642114543,454.37761002477504,202.60699985370564,532.6231307092808,139.03949111166634,527.8968959466956,207.23223805705862,629.3295804628602,124.03687544648284,639.9231227177127,sentado
142,175.6982172954871,285.64560767741517,184.49028412933944,274.95939826223173,167.09398630342594,274.98474744507314,194.64544820228906,282.2939039297141,155.4457414085299,283.81467975067255,212.27718869814152,334.62618222960236,135.79560577451952,336.8978323732369,229.41846391848554,406.6133663904806,111.94913942804595,404.1818100747431,233.05705100924126,473.0083676349328,113.51117038355727,488.4866273635092,199.19102483964616,450.3512086385883,152.75104638481884,455.6546044256901,203.57286576445466,531.4696885639592,136.6432271282033,527.4456288378526,208.52947736806908,627.6980739252112,126.00548247697287,636.0821690540834,sentado
143,175.96707478385957,285.1342577507524,184.81277002713097,274.62988560301784,167.39697004385033,274.24399587430844,195.21071212115453,285.07903518379896,155.27790660338644,283.36651456959055,212.79258695372346,335.7038802209995,135.74475927390012,338.6316998552256,229.08536158461516,409.3205445285901,112.62245694765323,406.581351432355,230.8033765503405,477.3212497429161,110.21637271628771,485.47121515533803,199.65740586811467,451.27940018353297,151.12000532929534,457.464599609375,202.58107891156982,531.0392102193276,139.46745561532936,529.4161654817455,210.95209155843418,631.5933981572608,121.86116924360107,639.3442198460205,sentado
144,175.4576663451436,285.17493815737475,184.31723164955469,274.5410004849564,167.04075984732185,274.51736657999834,195.5355319605727,284.9980062640595,155.29088785490637,284.03113754806816,212.92191142516378,336.75309118129866,134.78355206218674,338.7409848461819,229.9724992685281,409.6300272069553,111.99851615697958,408.20098105107763,230.02153282313958,478.27905430404127,110.57837056557028,483.88471254578826,198.01643413142938,450.5768641609162,150.8653877941087,456.34056952213035,204.65654080758299,530.0129100042559,136.4133389246603,531.6625465957108,210.30274339965348,634.645354868373,121.15035191398653,640.6440642835565,sentado
145,174.76177472827038,285.13024534232886,183.9487948287786,274.67748115034885,166.4371981490911,274.89407491127344,194.12028224366185,282.57159696942637,153.18952342230057,282.1339351193914,212.5561888282865,335.6826889097459,134.7201935029679,339.8192860644151,231.78961442880592,409.47255294146703,106.29890127219116,406.8246739012722,230.74160754727018,482.9526994757151,112.61111319575326,485.78231039678076,198.88235675500061,451.62797861062137,150.6036146586971,455.0394745466774,204.49897332692427,530.7061411341805,134.97303096979044,531.1695796506414,206.7795424405703,633.2814126812531,124.7992852949447,639.5609807411521,sentado
